origination_vintage,condition_group,loans,serious_delinquencies,delinquency_rate,median_economic_value,condition_type
2015,Q1 — smallest increase,35475,175,0.004933051444679351,0.0,Unemployment change
2015,Q3,13054,74,0.005668760533169909,0.20000000000000018,Unemployment change
2015,Q4 — largest increase,79,1,0.012658227848101266,1.2999999999999998,Unemployment change
2016,Q1 — smallest increase,40362,270,0.006689460383529062,0.0,Unemployment change
2016,Q3,9234,59,0.006389430366038553,0.10000000000000053,Unemployment change
2016,Q4 — largest increase,2,0,0.0,12.899999999999999,Unemployment change
2017,Q1 — smallest increase,23486,250,0.010644639359618496,0.0,Unemployment change
2017,Q2,15183,107,0.0070473555950734375,0.0,Unemployment change
2017,Q3,11055,38,0.0034373586612392584,0.10000000000000053,Unemployment change
2017,Q4 — largest increase,104,0,0.0,0.7999999999999998,Unemployment change
2018,Q2,10046,139,0.013836352777224767,0.0,Unemployment change
2018,Q3,7512,99,0.013178913738019169,0.20000000000000018,Unemployment change
2018,Q4 — largest increase,32330,1035,0.03201360965047943,10.399999999999999,Unemployment change
2019,Q2,2464,27,0.010957792207792208,0.0,Unemployment change
2019,Q3,1399,22,0.015725518227305217,0.20000000000000018,Unemployment change
2019,Q4 — largest increase,46020,2234,0.048544111255975665,10.899999999999999,Unemployment change
2020,Q2,40446,422,0.010433664639272117,0.0,Unemployment change
2020,Q3,1875,23,0.012266666666666667,0.20000000000000018,Unemployment change
2020,Q4 — largest increase,7544,346,0.04586426299045599,10.399999999999999,Unemployment change
2021,Q2,31184,251,0.008048999486916368,0.0,Unemployment change
2021,Q3,18568,194,0.01044808272296424,0.0,Unemployment change
2021,Q4 — largest increase,122,0,0.0,0.7999999999999998,Unemployment change
2022,Q3,36626,766,0.020914104734341726,0.2999999999999998,Unemployment change
2022,Q4 — largest increase,13122,116,0.00884011583600061,1.0,Unemployment change
2015,Q1 — weakest home-price change,14656,135,0.009211244541484717,0.06630083128811026,Home-price change
2015,Q2,12937,51,0.003942181340341655,0.11056774809160297,Home-price change
2015,Q3,15462,61,0.00394515586599405,0.15236419418877456,Home-price change
2015,Q4 — strongest home-price change,5553,3,0.0005402485143165856,0.19555069599226216,Home-price change
2016,Q1 — weakest home-price change,11303,145,0.012828452623197381,0.0642849615344081,Home-price change
2016,Q2,15900,140,0.00880503144654088,0.11704693740361427,Home-price change
2016,Q3,18925,42,0.0022192866578599735,0.1482432148116979,Home-price change
2016,Q4 — strongest home-price change,3470,2,0.0005763688760806917,0.2101584472724234,Home-price change
2017,Q1 — weakest home-price change,11821,292,0.024701801878013706,0.054443760262725904,Home-price change
2017,Q2,24551,82,0.0033399861512769338,0.10551930687774114,Home-price change
2017,Q3,12022,18,0.0014972550324405256,0.14317346764970673,Home-price change
2017,Q4 — strongest home-price change,1434,3,0.0020920502092050207,0.19552899513058875,Home-price change
2018,Q1 — weakest home-price change,17177,610,0.035512604063573386,0.057652426379095845,Home-price change
2018,Q2,16445,485,0.029492246883551232,0.11042460280590927,Home-price change
2018,Q3,12413,150,0.012084105373398856,0.15020674300254444,Home-price change
2018,Q4 — strongest home-price change,3853,28,0.007267064624967558,0.2011481056257176,Home-price change
2019,Q1 — weakest home-price change,12162,1475,0.12127939483637559,0.04741587785591861,Home-price change
2019,Q2,5033,433,0.0860321875620902,0.11025233957219238,Home-price change
2019,Q3,6400,211,0.03296875,0.15979864200421434,Home-price change
2019,Q4 — strongest home-price change,26288,164,0.006238587948874011,0.2609565711625428,Home-price change
2020,Q1 — weakest home-price change,2646,415,0.15684051398337112,0.04626599842604473,Home-price change
2020,Q2,2933,122,0.04159563586771224,0.1014678409394183,Home-price change
2020,Q3,4581,100,0.021829294913774284,0.15526572619998236,Home-price change
2020,Q4 — strongest home-price change,39705,154,0.0038786047097342903,0.2891535076365517,Home-price change
2021,Q1 — weakest home-price change,6274,171,0.027255339496334078,0.0623048135243256,Home-price change
2021,Q2,9046,118,0.013044439531284546,0.11532231035638474,Home-price change
2021,Q3,16525,99,0.005990922844175492,0.1609470436370506,Home-price change
2021,Q4 — strongest home-price change,18029,57,0.003161573021243552,0.21168355248976067,Home-price change
2022,Q1 — weakest home-price change,23284,673,0.028903968390310942,0.047567414670941055,Home-price change
2022,Q2,12478,158,0.012662285622695946,0.1156331091457925,Home-price change
2022,Q3,12995,49,0.003770681031165833,0.14594204987746862,Home-price change
2022,Q4 — strongest home-price change,991,2,0.0020181634712411706,0.20703575547866215,Home-price change
2015,Q1 — smallest rate change,724,8,0.011049723756906077,-0.5225,Market mortgage-rate change
2015,Q2,32093,175,0.0054529025021032625,-0.025000000000000355,Market mortgage-rate change
2015,Q3,15791,67,0.004242923184092204,0.3730000000000002,Market mortgage-rate change
2016,Q1 — smallest rate change,4,0,0.0,-1.1295000000000004,Market mortgage-rate change
2016,Q2,1395,48,0.034408602150537634,-0.16549999999999976,Market mortgage-rate change
2016,Q3,48197,281,0.0058302383965807,0.9860000000000002,Market mortgage-rate change
2016,Q4 — largest rate change,2,0,0.0,2.83325,Market mortgage-rate change
2017,Q1 — smallest rate change,617,1,0.0016207455429497568,-0.706,Market mortgage-rate change
2017,Q2,41094,183,0.004453204847422981,-0.20250000000000012,Market mortgage-rate change
2017,Q3,8116,211,0.025998028585510105,0.21999999999999975,Market mortgage-rate change
2017,Q4 — largest rate change,1,0,0.0,1.75,Market mortgage-rate change
2018,Q1 — smallest rate change,47970,1215,0.025328330206378986,-1.3535000000000004,Market mortgage-rate change
2018,Q2,1554,49,0.03153153153153153,-0.2574999999999994,Market mortgage-rate change
2018,Q3,359,9,0.025069637883008356,0.28000000000000025,Market mortgage-rate change
2018,Q4 — largest rate change,5,0,0.0,3.222,Market mortgage-rate change
2019,Q1 — smallest rate change,44183,2018,0.04567367539551411,-0.8274999999999997,Market mortgage-rate change
2019,Q2,5611,265,0.04722865799322759,-0.22999999999999998,Market mortgage-rate change
2019,Q3,51,0,0.0,0.2974999999999999,Market mortgage-rate change
2019,Q4 — largest rate change,38,0,0.0,2.4369999999999994,Market mortgage-rate change
2020,Q1 — smallest rate change,3107,143,0.04602510460251046,-0.5750000000000002,Market mortgage-rate change
2020,Q2,7373,504,0.0683575206835752,-0.22350000000000003,Market mortgage-rate change
2020,Q3,5687,85,0.014946368911552665,0.38349999999999973,Market mortgage-rate change
2020,Q4 — largest rate change,33698,59,0.0017508457475221082,3.222,Market mortgage-rate change
2021,Q1 — smallest rate change,2,0,0.0,-0.5485000000000002,Market mortgage-rate change
2021,Q2,796,33,0.0414572864321608,0.00749999999999984,Market mortgage-rate change
2021,Q3,946,54,0.05708245243128964,0.6800000000000002,Market mortgage-rate change
2021,Q4 — largest rate change,48130,358,0.007438188240182838,3.7170000000000005,Market mortgage-rate change
2022,Q1 — smallest rate change,2716,22,0.008100147275405008,-0.4720000000000004,Market mortgage-rate change
2022,Q2,9407,126,0.013394280854682684,0.0,Market mortgage-rate change
2022,Q3,20176,411,0.020370737509912768,1.2774999999999999,Market mortgage-rate change
2022,Q4 — largest rate change,17449,323,0.01851108946071408,2.01,Market mortgage-rate change
