feature,coefficient,odds_ratio,absolute_coefficient
categorical__super_conforming_flag_Y,-0.9080784230187233,0.40329844894509664,0.9080784230187233
categorical__first_time_homebuyer_N,-0.7984886829225342,0.4500085560641961,0.7984886829225342
categorical__loan_purpose_P,-0.6238011455414919,0.5359035138755807,0.6238011455414919
categorical__channel_R,-0.610188601069144,0.5432484021826585,0.610188601069144
categorical__occupancy_status_I,-0.5949549381256362,0.551587420870879,0.5949549381256362
categorical__first_time_homebuyer_Y,-0.5466928882293789,0.5788610064170141,0.5466928882293789
numeric__credit_score,-0.5416445031216448,0.5817907086114785,0.5416445031216448
categorical__occupancy_status_P,-0.500268506766115,0.6063678239888695,0.500268506766115
categorical__property_type_SF,-0.44016578879749946,0.6439296559098235,0.44016578879749946
categorical__super_conforming_flag_N,-0.4391934981725983,0.6445560471451768,0.4391934981725983
numeric__original_interest_rate,0.4336214623078357,1.5428347364650061,0.4336214623078357
categorical__property_type_PU,-0.4213580691365985,0.6561551104463041,0.4213580691365985
categorical__channel_B,-0.4031985607179818,0.6681794119669671,0.4031985607179818
categorical__property_type_CO,-0.3695182479438993,0.6910671734887852,0.3695182479438993
categorical__loan_purpose_N,-0.36861355150849784,0.6916926623933924,0.36861355150849784
categorical__loan_purpose_C,-0.35485722414014514,0.7012735609968654,0.35485722414014514
numeric__dti,0.35115645542855567,1.4207095862519936,0.35115645542855567
categorical__channel_C,-0.33388475940335965,0.7161363054472202,0.33388475940335965
numeric__num_borrowers,-0.28634868704741534,0.7510007060684427,0.28634868704741534
categorical__occupancy_status_S,-0.2520484762993483,0.7772070610335856,0.2520484762993483
numeric__original_upb,0.23861580044202957,1.2694907051097681,0.23861580044202957
numeric__mi_percent,0.16456517316181804,1.17888039841096,0.16456517316181804
numeric__ltv,0.15720344269833827,1.1702336651797258,0.15720344269833827
categorical__property_type_MH,-0.07345972408027164,0.929173568357953,0.07345972408027164
categorical__property_type_CP,-0.042770091232254545,0.9581316476129306,0.042770091232254545
numeric__original_loan_term,-0.03922605051837956,0.9615333294703322,0.03922605051837956
numeric__num_units,0.028360260078657107,1.0287662410759624,0.028360260078657107
numeric__cltv,-0.017308093648547927,0.9828408309661051,0.017308093648547927
categorical__first_time_homebuyer_9,-0.0020903500389980634,0.9979118332211204,0.0020903500389980634
