vintage,risk_decile,loans,serious_delinquencies,avg_predicted_risk,actual_delinquency_rate,lift
2020,1,4988,11,0.0009229024887772404,0.0022052927024859663,0.13905611140567958
2020,2,4988,17,0.0016669091717847627,0.003408179631114675,0.21490489944514116
2020,3,4987,21,0.002370084367844764,0.00421094846601163,0.2655239906943895
2020,4,4988,22,0.0031575816626922704,0.004410585404971933,0.27811222281135917
2020,5,4988,38,0.004125084369502112,0.007618283881315156,0.48037565758325673
2020,6,4987,51,0.005357275168712693,0.010226589131742531,0.6448439774006602
2020,7,4988,84,0.007011791853460114,0.016840417000801924,1.0618830325524622
2020,8,4987,88,0.00945696368292621,0.017645879286143973,1.1126719610050606
2020,9,4988,165,0.013778504016206384,0.0330793905372895,2.085841671085194
2020,10,4988,294,0.02994543975478255,0.058941459502806735,3.716590613933618
2021,1,4990,4,0.0008565509045091699,0.0008016032064128256,0.08987863367183806
2021,2,4989,7,0.0015832715473511698,0.0014030867909400682,0.15731913580663978
2021,3,4990,9,0.002300045311073858,0.0018036072144288577,0.20222692576163562
2021,4,4989,15,0.0030964284136021287,0.003006614552014432,0.33711243387137096
2021,5,4990,18,0.004043533930538967,0.0036072144288577155,0.40445385152327124
2021,6,4989,27,0.005278821831187151,0.005411906193625977,0.6068023809684677
2021,7,4989,49,0.006906351368056203,0.009821607536580478,1.1012339506464783
2021,8,4990,52,0.009228101377702694,0.010420841683366733,1.1684222377338946
2021,9,4989,86,0.013078996221989065,0.01723792343154941,1.93277795419586
2021,10,4990,178,0.025381060068118487,0.03567134268537074,3.999599198396793
2022,1,4977,13,0.002937927304145563,0.0026120152702431183,0.14738044437519163
2022,2,4977,33,0.00698806147488148,0.006630500301386378,0.3741195895677942
2022,3,4976,37,0.011725834481433611,0.007435691318327975,0.41955171672098635
2022,4,4977,49,0.01762524698577343,0.009845288326300985,0.5555109057218762
2022,5,4976,76,0.02534891767761181,0.01527331189710611,0.8617819046160801
2022,6,4977,81,0.035523681197703515,0.0162748643761302,0.9182935380300402
2022,7,4976,89,0.04960677730858357,0.017885852090032156,1.009191967247778
2022,8,4977,121,0.06995835795929296,0.024311834438416717,1.3717718284152451
2022,9,4976,133,0.10470436353427781,0.02672829581993569,1.50811833307814
2022,10,4977,250,0.20591229902817926,0.05023106288929074,2.8342393149075313
