origination_vintage,segment,loans,serious_delinquencies,delinquency_rate,segment_type
2015,<650,1559,45,0.028864656831302116,Credit score
2015,650–699,6584,85,0.012910085054678007,Credit score
2015,700–749,12921,67,0.005185357170497639,Credit score
2015,750–799,21096,45,0.0021331058020477816,Credit score
2015,800+,6466,8,0.0012372409526755336,Credit score
2016,<650,1471,48,0.03263086335825969,Credit score
2016,650–699,6785,125,0.018422991893883568,Credit score
2016,700–749,13863,105,0.0075741181562432374,Credit score
2016,750–799,21029,44,0.0020923486613723904,Credit score
2016,800+,6465,7,0.001082753286929621,Credit score
2017,<650,1737,70,0.04029936672423719,Credit score
2017,650–699,7501,131,0.0174643380882549,Credit score
2017,700–749,14849,127,0.008552764495925652,Credit score
2017,750–799,20030,59,0.0029455816275586622,Credit score
2017,800+,5716,8,0.0013995801259622112,Credit score
2018,<650,1517,130,0.08569545154911008,Credit score
2018,650–699,7048,369,0.05235527809307605,Credit score
2018,700–749,15022,462,0.03075489282385834,Credit score
2018,750–799,20678,276,0.0133475191024277,Credit score
2018,800+,5628,37,0.006574271499644634,Credit score
2019,<650,1201,141,0.11740216486261448,Credit score
2019,650–699,6237,547,0.08770242103575437,Credit score
2019,700–749,14574,880,0.06038150130369151,Credit score
2019,750–799,22188,642,0.02893455922120065,Credit score
2019,800+,5680,74,0.013028169014084507,Credit score
2020,<650,714,40,0.056022408963585436,Credit score
2020,650–699,4566,166,0.036355672360928605,Credit score
2020,700–749,12530,292,0.023304070231444533,Credit score
2020,750–799,24154,245,0.010143247495238884,Credit score
2020,800+,7907,48,0.006070570380675351,Credit score
2021,<650,1250,45,0.036,Credit score
2021,650–699,6541,151,0.023085155175049686,Credit score
2021,700–749,13523,141,0.010426680470309842,Credit score
2021,750–799,22029,94,0.004267102455853647,Credit score
2021,800+,6545,14,0.0021390374331550803,Credit score
2022,<650,1960,150,0.07653061224489796,Credit score
2022,650–699,7468,303,0.040573111944295664,Credit score
2022,700–749,14899,290,0.019464393583461977,Credit score
2022,750–799,20615,126,0.006112054329371817,Credit score
2022,800+,4817,13,0.0026987751712684244,Credit score
2015,≤20,4398,6,0.001364256480218281,Debt-to-income ratio
2015,21–30,11198,29,0.002589748169315949,Debt-to-income ratio
2015,31–40,15791,86,0.00544614020644671,Debt-to-income ratio
2015,41–50,13223,75,0.005671935264312184,Debt-to-income ratio
2016,≤20,4454,6,0.001347103726986978,Debt-to-income ratio
2016,21–30,11798,49,0.004153246312934396,Debt-to-income ratio
2016,31–40,16441,106,0.006447296393163433,Debt-to-income ratio
2016,41–50,14395,126,0.008753039249739494,Debt-to-income ratio
2017,≤20,3734,10,0.002678093197643278,Debt-to-income ratio
2017,21–30,10937,45,0.004114473804516778,Debt-to-income ratio
2017,31–40,16751,133,0.007939824488090262,Debt-to-income ratio
2017,41–50,16615,182,0.010953957267529341,Debt-to-income ratio
2018,≤20,3502,42,0.011993146773272416,Debt-to-income ratio
2018,21–30,10619,155,0.014596478011112158,Debt-to-income ratio
2018,31–40,16958,381,0.022467272083972166,Debt-to-income ratio
2018,41–50,18316,677,0.036962218825070975,Debt-to-income ratio
2019,≤20,3854,59,0.015308770108977686,Debt-to-income ratio
2019,21–30,11107,280,0.025209327451156928,Debt-to-income ratio
2019,31–40,17355,765,0.04407951598962835,Debt-to-income ratio
2019,41–50,17550,1177,0.06706552706552707,Debt-to-income ratio
2020,≤20,5846,20,0.0034211426616489907,Debt-to-income ratio
2020,21–30,13452,128,0.00951531370799881,Debt-to-income ratio
2020,31–40,16591,291,0.017539629919836056,Debt-to-income ratio
2020,41–50,13988,352,0.025164426651415498,Debt-to-income ratio
2021,≤20,5136,14,0.0027258566978193145,Debt-to-income ratio
2021,21–30,12552,57,0.004541108986615679,Debt-to-income ratio
2021,31–40,16986,166,0.009772754032732839,Debt-to-income ratio
2021,41–50,15198,208,0.013686011317278588,Debt-to-income ratio
2021,50+,15,0,0.0,Debt-to-income ratio
2022,≤20,2908,23,0.007909215955983494,Debt-to-income ratio
2022,21–30,9212,97,0.010529743812418585,Debt-to-income ratio
2022,31–40,16345,258,0.01578464362190272,Debt-to-income ratio
2022,41–50,21285,504,0.023678646934460888,Debt-to-income ratio
2022,50+,13,0,0.0,Debt-to-income ratio
2015,≤60,10099,27,0.0026735320328745422,Loan-to-value ratio
2015,61–80,25724,113,0.004392784947908568,Loan-to-value ratio
2015,81–90,5586,43,0.00769781596849266,Loan-to-value ratio
2015,91–95,6396,49,0.007661038148843027,Loan-to-value ratio
2015,95+,820,18,0.02195121951219512,Loan-to-value ratio
2016,≤60,10502,42,0.003999238240335174,Loan-to-value ratio
2016,61–80,26110,163,0.006242818843355037,Loan-to-value ratio
2016,81–90,5666,38,0.006706671373102718,Loan-to-value ratio
2016,91–95,6535,67,0.01025248661055853,Loan-to-value ratio
2016,95+,800,19,0.02375,Loan-to-value ratio
2017,≤60,9247,49,0.005299015897047691,Loan-to-value ratio
2017,61–80,25937,162,0.0062459035354898405,Loan-to-value ratio
2017,81–90,5635,49,0.008695652173913044,Loan-to-value ratio
2017,91–95,7236,97,0.013405196241017136,Loan-to-value ratio
2017,95+,1786,38,0.02127659574468085,Loan-to-value ratio
2018,≤60,8902,172,0.019321500786340148,Loan-to-value ratio
2018,61–80,24546,514,0.02094027540128738,Loan-to-value ratio
2018,81–90,6059,186,0.03069813500577653,Loan-to-value ratio
2018,91–95,7869,272,0.03456601855381878,Loan-to-value ratio
2018,95+,2531,130,0.05136309758988542,Loan-to-value ratio
2019,≤60,8935,262,0.02932288752098489,Loan-to-value ratio
2019,61–80,24774,1037,0.04185839993541616,Loan-to-value ratio
2019,81–90,6480,333,0.05138888888888889,Loan-to-value ratio
2019,91–95,7512,483,0.06429712460063898,Loan-to-value ratio
2019,95+,2196,170,0.07741347905282331,Loan-to-value ratio
2020,≤60,13426,103,0.007671681811410696,Loan-to-value ratio
2020,61–80,25191,407,0.016156563852169424,Loan-to-value ratio
2020,81–90,5515,108,0.01958295557570263,Loan-to-value ratio
2020,91–95,4750,143,0.030105263157894736,Loan-to-value ratio
2020,95+,995,30,0.03015075376884422,Loan-to-value ratio
2021,≤60,14995,81,0.005401800600200067,Loan-to-value ratio
2021,61–80,24660,219,0.008880778588807786,Loan-to-value ratio
2021,81–90,4570,53,0.011597374179431073,Loan-to-value ratio
2021,91–95,4733,72,0.01521233889710543,Loan-to-value ratio
2021,95+,937,20,0.021344717182497332,Loan-to-value ratio
2022,≤60,11563,180,0.01556689440456629,Loan-to-value ratio
2022,61–80,22054,375,0.017003718146368006,Loan-to-value ratio
2022,81–90,5959,119,0.019969793589528443,Loan-to-value ratio
2022,91–95,8582,175,0.020391517128874388,Loan-to-value ratio
2022,95+,1608,33,0.020522388059701493,Loan-to-value ratio
