origination_vintage,property_state,loans,serious_delinquencies,delinquency_rate,median_credit_score,median_dti,median_ltv,median_starting_unemployment,median_unemployment_increase,median_hpi_change,median_market_rate_change
2015,AK,96,1,0.010416666666666666,750.5,35.0,75.0,6.3,0.40000000000000036,0.027126952475905686,-0.01399999999999979
2015,AL,467,3,0.006423982869379015,757.0,33.0,80.0,6.1,0.0,0.07714316562297552,0.09899999999999975
2015,AR,343,2,0.0058309037900874635,759.0,32.0,80.0,4.9,0.0,0.0600267242265391,-0.01399999999999979
2015,AZ,1320,4,0.0030303030303030303,759.0,34.0,77.0,6.1,0.0,0.15726077169148134,0.0625
2015,CA,7520,23,0.0030585106382978724,759.0,38.0,70.0,6.1,0.0,0.15236419418877456,-0.01399999999999979
2015,CO,1656,6,0.0036231884057971015,759.0,36.0,75.0,3.5,0.0,0.20365168539325862,0.008249999999999647
2015,CT,466,3,0.006437768240343348,757.5,35.0,80.0,5.5,0.0,0.03297522200832148,-0.01399999999999979
2015,DC,137,0,0.0,768.0,33.0,75.0,6.8,0.0,0.10689068580616601,-0.01399999999999979
2015,DE,127,3,0.023622047244094488,770.0,34.5,80.0,4.7,0.0,0.045694490267238486,0.0625
2015,FL,2898,43,0.014837819185645272,754.0,37.0,80.0,5.4,0.0,0.18549761417859578,0.025000000000000355
2015,GA,1439,5,0.0034746351633078527,755.0,33.0,80.0,6.0,0.0,0.1375498272654796,-0.001000000000000334
2015,HI,180,2,0.011111111111111112,768.0,39.0,69.0,3.3,0.0,0.1082748948106591,-0.01399999999999979
2015,IA,423,0,0.0,768.0,31.0,80.0,3.7,0.0,0.08037101558453807,-0.01399999999999979
2015,ID,309,3,0.009708737864077669,768.0,34.0,80.0,3.9,0.0,0.18860279701999727,-0.01399999999999979
2015,IL,2264,9,0.003975265017667844,761.0,34.0,80.0,6.0,0.20000000000000018,0.06809675437126406,-0.010000000000000231
2015,IN,1053,5,0.004748338081671415,758.0,31.0,80.0,4.6,0.10000000000000053,0.10659162121387955,-0.001000000000000334
2015,KS,451,2,0.004434589800443459,766.0,32.0,80.0,4.1,0.10000000000000053,0.09580115830115843,-0.010000000000000231
2015,KY,562,0,0.0,759.5,30.0,80.0,5.2,0.0,0.10929099040249235,0.008999999999999453
2015,LA,439,11,0.025056947608200455,746.0,34.0,80.0,6.0,0.09999999999999964,0.0617785464344609,-0.001000000000000334
2015,MA,1119,6,0.005361930294906166,760.0,35.0,75.0,4.7,0.0,0.11564538825636439,-0.01399999999999979
2015,MD,865,3,0.003468208092485549,761.0,35.0,79.0,5.0,0.0,0.071161382258639,0.008999999999999453
2015,ME,175,1,0.005714285714285714,764.0,35.0,77.0,4.3,0.0,0.11289172095677413,-0.001000000000000334
2015,MI,1741,10,0.005743825387708214,753.0,34.0,80.0,5.2,0.0,0.13816994961062767,-0.01399999999999979
2015,MN,1214,2,0.0016474464579901153,765.0,34.0,80.0,3.8,0.20000000000000018,0.12254737548213979,-0.01399999999999979
2015,MO,969,3,0.0030959752321981426,759.0,32.0,80.0,4.9,0.0,0.10597649412353083,0.0625
2015,MS,143,0,0.0,744.0,34.0,80.0,6.3,0.0,0.05652526344231279,0.027499999999999858
2015,MT,205,0,0.0,756.0,35.5,77.0,4.2,0.09999999999999964,0.09751144251462507,-0.01399999999999979
2015,NC,1493,3,0.0020093770931011385,763.0,33.0,80.0,5.7,0.0,0.12240833418445507,0.02400000000000002
2015,ND,142,1,0.007042253521126761,756.0,34.0,80.0,2.8,0.30000000000000027,0.023598522994293436,-0.01399999999999979
2015,NE,246,0,0.0,760.5,32.0,80.0,3.0,0.20000000000000018,0.10848535102266443,-0.01399999999999979
2015,NH,245,0,0.0,759.0,37.0,80.0,3.3,0.0,0.10687494065141001,-0.001000000000000334
2015,NJ,1199,5,0.004170141784820684,756.0,37.0,76.0,5.5,0.0,0.06441239063608428,-0.01399999999999979
2015,NM,207,0,0.0,755.0,34.5,80.0,6.6,0.2999999999999998,0.07183731378576486,0.027499999999999858
2015,NV,497,5,0.01006036217303823,749.0,37.0,75.0,6.7,0.0,0.18784048812377407,0.0035000000000002807
2015,NY,1535,8,0.005211726384364821,753.0,38.0,75.0,5.0,0.0,0.09233896336446801,0.008999999999999453
2015,OH,1540,9,0.005844155844155844,761.0,33.0,80.0,4.9,0.2999999999999998,0.10450757345337314,0.027499999999999858
2015,OK,329,3,0.00911854103343465,755.0,34.0,80.0,4.3,0.5,0.061411250987132515,-0.001000000000000334
2015,OR,1027,1,0.0009737098344693282,768.0,35.0,77.0,5.5,0.0,0.19167251747611358,-0.010000000000000231
2015,PA,1409,9,0.0063875088715401,759.0,34.0,80.0,5.3,0.10000000000000053,0.08017312448474834,-0.010000000000000231
2015,RI,158,0,0.0,760.0,35.0,80.0,5.9,0.0,0.12589160202009686,-0.01399999999999979
2015,SC,724,5,0.006906077348066298,761.0,32.0,80.0,5.7,0.0,0.1133143082070458,0.006999999999999895
2015,SD,89,1,0.011235955056179775,761.0,37.0,80.0,3.0,0.20000000000000018,0.09994894552880651,-0.020500000000000185
2015,TN,936,5,0.005341880341880342,759.0,33.0,80.0,5.4,0.0,0.14447523212289148,0.027499999999999858
2015,TX,3347,27,0.00806692560501942,750.0,35.0,80.0,4.5,0.2999999999999998,0.14078674948240155,0.008999999999999453
2015,UT,744,4,0.005376344086021506,760.0,35.0,80.0,3.5,0.0,0.17900132275132274,0.0625
2015,VA,1298,4,0.0030816640986132513,768.5,35.0,75.0,4.3,0.0,0.07714272764356611,0.07574999999999998
2015,VT,121,1,0.008264462809917356,771.0,36.0,78.0,3.4,0.0,0.03776807743404831,-0.01399999999999979
2015,WA,1547,5,0.003232062055591467,765.0,36.0,77.0,5.4,0.0,0.22350001837087108,0.008999999999999453
2015,WI,987,2,0.002026342451874367,763.0,33.0,80.0,4.3,0.0,0.10905068950910701,-0.01399999999999979
2015,WV,112,1,0.008928571428571428,739.5,32.0,80.0,6.55,0.0,0.02311908643448468,0.01574999999999971
2015,WY,95,1,0.010526315789473684,766.0,32.0,80.0,4.3,1.2000000000000002,0.03048643801838158,-0.01399999999999979
2016,AK,98,0,0.0,760.5,34.0,80.0,6.7,0.0,0.02622844653120704,0.8687500000000001
2016,AL,479,2,0.0041753653444676405,755.0,33.0,80.0,5.8,0.0,0.09865768386668705,0.8675000000000002
2016,AR,280,3,0.010714285714285714,751.5,33.0,80.0,3.9,0.0,0.0782547074306541,0.8625000000000003
2016,AZ,1429,3,0.002099370188943317,759.0,35.0,78.0,5.4,0.0,0.16939106104116042,0.8625000000000003
2016,CA,7874,29,0.003683007366014732,757.0,38.0,69.0,5.5,0.0,0.14581864919772802,0.9860000000000002
2016,CO,1896,7,0.003691983122362869,760.0,36.0,75.0,3.1,0.0,0.17972411236728525,0.9860000000000002
2016,CT,473,3,0.006342494714587738,755.0,35.0,80.0,4.7,0.0,0.0446899938612646,0.9860000000000002
2016,DC,108,0,0.0,767.5,35.0,73.5,6.2,0.09999999999999964,0.12519319938176188,0.9427500000000002
2016,DE,150,1,0.006666666666666667,755.5,32.0,76.0,4.5,0.09999999999999964,0.06447368421052624,0.931
2016,FL,2985,107,0.03584589614740368,750.0,37.0,79.0,4.9,0.0,0.16264826730754312,0.8625000000000003
2016,GA,1377,6,0.004357298474945534,750.0,34.0,80.0,5.4,0.0,0.14999001398042733,0.8995000000000002
2016,HI,193,2,0.010362694300518135,753.0,40.0,74.0,2.9,0.0,0.1336276267990988,0.9860000000000002
2016,IA,442,6,0.013574660633484163,756.5,32.5,80.0,3.6,0.0,0.08390936140993377,0.9860000000000002
2016,ID,317,0,0.0,758.0,37.0,80.0,3.7,0.0,0.2392291592623308,0.8675000000000002
2016,IL,2441,10,0.004096681687832855,758.0,35.0,80.0,5.8,0.0,0.06227402730559595,0.9860000000000002
2016,IN,980,2,0.0020408163265306124,757.0,32.0,80.0,4.3,0.0,0.12788362373120554,0.9860000000000002
2016,KS,417,1,0.002398081534772182,758.0,33.0,80.0,4.1,0.10000000000000053,0.0951152157182309,0.9860000000000002
2016,KY,548,1,0.0018248175182481751,762.0,32.0,79.0,5.1,0.0,0.10799385088393532,0.9860000000000002
2016,LA,380,4,0.010526315789473684,749.0,34.0,80.0,6.1,0.0,0.053496029440248005,0.9860000000000002
2016,MA,1253,2,0.0015961691939345571,758.0,35.0,75.0,3.9,0.0,0.12355444908448443,0.9860000000000002
2016,MD,922,5,0.005422993492407809,759.0,35.0,77.0,4.2,0.0,0.06893362110734258,0.9860000000000002
2016,ME,173,1,0.005780346820809248,760.0,35.0,75.0,3.8,0.0,0.1195219123505975,0.8625000000000003
2016,MI,1828,4,0.002188183807439825,755.0,34.0,80.0,5.0,0.09999999999999964,0.15254502740798737,0.9860000000000002
2016,MN,1218,4,0.003284072249589491,761.5,34.0,80.0,3.9,0.10000000000000009,0.1274628065942902,0.9860000000000002
2016,MO,981,2,0.0020387359836901123,760.0,34.0,80.0,4.5,0.0,0.11692945657939147,0.9860000000000002
2016,MS,159,1,0.006289308176100629,750.0,34.0,80.0,6.0,0.0,0.057001749151147196,0.9860000000000002
2016,MT,203,1,0.0049261083743842365,764.0,34.0,75.0,4.3,0.0,0.11648597690313456,1.0020000000000002
2016,NC,1517,11,0.007251153592617007,764.0,33.0,80.0,5.1,0.0,0.13611527488999564,0.9860000000000002
2016,ND,127,1,0.007874015748031496,759.0,36.0,80.0,3.0,0.0,0.023206117065678322,1.0020000000000002
2016,NE,196,2,0.01020408163265306,757.5,32.0,80.0,3.1,0.0,0.12782347564956242,0.9860000000000002
2016,NH,242,0,0.0,756.0,36.0,80.0,2.9,0.0,0.1281523181838986,1.0020000000000002
2016,NJ,1229,4,0.0032546786004882017,751.0,37.0,78.0,5.0,0.0,0.07238792145238993,0.9860000000000002
2016,NM,218,2,0.009174311926605505,764.5,35.0,79.0,6.8,0.09999999999999964,0.08979020979020969,0.8650000000000002
2016,NV,548,2,0.0036496350364963502,754.0,36.0,79.0,5.8,0.0,0.24408787723308012,0.9299999999999999
2016,NY,1452,7,0.0048209366391184574,754.0,38.0,76.0,4.8,0.09999999999999964,0.10499764262140499,0.9860000000000002
2016,OH,1543,5,0.0032404406999351912,758.0,33.0,80.0,5.0,0.20000000000000018,0.12158640226628892,0.9860000000000002
2016,OK,290,0,0.0,753.0,33.0,80.0,4.6,0.0,0.07169361858078704,0.9860000000000002
2016,OR,1018,2,0.0019646365422396855,762.0,36.0,75.0,4.8,0.0,0.14846534243169307,0.8675000000000002
2016,PA,1316,5,0.003799392097264438,760.0,34.0,80.0,5.3,0.0,0.09402720283855714,0.9860000000000002
2016,RI,172,0,0.0,760.5,34.0,80.0,5.3,0.0,0.14567479422270546,0.9860000000000002
2016,SC,664,4,0.006024096385542169,761.5,34.0,80.0,4.9,0.0,0.13320278918712392,0.8625000000000003
2016,SD,88,1,0.011363636363636364,770.0,31.5,80.0,3.1,0.10000000000000009,0.10963627600014836,1.0020000000000002
2016,TN,850,1,0.001176470588235294,762.0,34.0,80.0,4.7,0.09999999999999964,0.1497474864476671,0.8675000000000002
2016,TX,3362,58,0.017251635930993457,749.0,35.0,80.0,4.7,0.09999999999999964,0.12544420753375962,0.9860000000000002
2016,UT,856,4,0.004672897196261682,760.0,35.0,80.0,3.3,0.0,0.19702402294729282,0.9860000000000002
2016,VA,1337,2,0.0014958863126402393,767.0,35.0,79.0,4.0,0.0,0.08489339573582955,0.9860000000000002
2016,VT,138,2,0.014492753623188406,768.0,35.0,77.0,3.1,0.0,0.08015267175572527,0.9860000000000002
2016,WA,1649,4,0.002425712553062462,759.0,36.0,75.0,5.2,0.0,0.21830768703519654,0.9860000000000002
2016,WI,977,5,0.00511770726714432,764.0,33.0,80.0,3.9,0.0,0.12818299525248156,0.9860000000000002
2016,WV,125,0,0.0,740.0,33.0,80.0,6.1,0.0,0.021420850938390634,0.8625000000000003
2016,WY,80,0,0.0,756.5,34.0,76.0,5.2,0.0,0.05398336064540521,0.8625000000000003
2017,AK,94,0,0.0,752.0,35.0,80.0,6.6,0.0,0.05167258083808446,-0.14000000000000012
2017,AL,491,5,0.010183299389002037,751.0,33.0,80.0,4.2,0.0,0.11540533921136431,-0.19999999999999973
2017,AR,307,3,0.009771986970684038,751.0,34.0,80.0,3.7,0.09999999999999964,0.08620095505341396,-0.19999999999999973
2017,AZ,1559,5,0.003207184092366902,755.0,36.0,80.0,4.9,0.09999999999999964,0.1558708838821492,-0.19999999999999973
2017,CA,6446,37,0.005739993794601303,747.0,40.0,73.0,4.8,0.0,0.10143037926141818,-0.19999999999999973
2017,CO,1729,8,0.004626951995373048,757.0,37.0,75.0,2.7,0.3999999999999999,0.14317346764970673,-0.19999999999999973
2017,CT,430,3,0.0069767441860465115,748.0,37.5,80.0,4.4,0.0,0.04622308721566726,-0.19999999999999973
2017,DC,109,2,0.01834862385321101,762.0,36.0,77.0,6.1,0.0,0.08331280788177331,-0.19999999999999973
2017,DE,145,4,0.027586206896551724,765.0,35.0,76.0,4.4,0.0,0.09265734265734271,-0.20250000000000012
2017,FL,3391,107,0.0315541138307284,747.0,38.0,80.0,4.2,0.0,0.13651576536903298,-0.19999999999999973
2017,GA,1553,18,0.01159047005795235,748.0,35.0,80.0,4.6,0.0,0.14096154744661948,-0.19999999999999973
2017,HI,191,1,0.005235602094240838,756.0,39.5,70.0,2.2,0.5999999999999996,0.0690964312832194,-0.10150000000000015
2017,IA,386,1,0.0025906735751295338,757.5,33.0,80.0,3.1,0.0,0.07536701946056668,-0.19999999999999973
2017,ID,359,3,0.008356545961002786,749.0,35.0,80.0,3.1,0.0,0.2626273733597244,-0.19999999999999973
2017,IL,2345,16,0.006823027718550106,753.0,36.0,80.0,4.9,0.0,0.05228378092620023,-0.19999999999999973
2017,IN,1082,2,0.0018484288354898336,748.0,33.0,80.0,3.5,0.10000000000000009,0.14330566198382289,-0.19999999999999973
2017,KS,429,4,0.009324009324009324,756.0,34.0,80.0,3.6,0.0,0.1051310284078395,-0.1299999999999999
2017,KY,609,3,0.0049261083743842365,754.0,32.5,80.0,4.7,0.0,0.09461029674651411,-0.19999999999999973
2017,LA,446,4,0.008968609865470852,749.5,35.0,80.0,4.8,0.10000000000000053,0.04596580683863216,-0.19999999999999973
2017,MA,1097,6,0.0054694621695533276,750.0,37.0,78.0,3.8,0.0,0.10003014090874851,-0.20000000000000018
2017,MD,879,6,0.006825938566552901,756.0,37.0,80.0,4.1,0.0,0.05293276108726763,-0.19999999999999973
2017,ME,196,4,0.02040816326530612,752.0,36.5,80.0,3.4,0.0,0.13034132920643104,-0.20250000000000012
2017,MI,1965,10,0.005089058524173028,747.0,35.0,80.0,4.6,0.0,0.13087606837606858,-0.19999999999999973
2017,MN,1212,6,0.0049504950495049506,757.0,34.0,80.0,3.4,0.0,0.11447862534612918,-0.19999999999999973
2017,MO,985,8,0.008121827411167513,754.0,33.0,80.0,3.7,0.0,0.11137060951595923,-0.19999999999999973
2017,MS,156,0,0.0,747.5,33.0,80.0,5.1,0.39999999999999947,0.0646514244795664,-0.1475000000000002
2017,MT,185,0,0.0,749.0,38.0,76.0,4.1,0.0,0.1179518848673613,-0.19999999999999973
2017,NC,1493,5,0.003348961821835231,760.0,35.0,80.0,4.5,0.0,0.1313526548068611,-0.19999999999999973
2017,ND,122,2,0.01639344262295082,755.5,35.0,80.0,2.6,0.0,0.04478204746301273,-0.20125000000000015
2017,NE,229,2,0.008733624454148471,765.0,35.0,79.0,2.9,0.20000000000000018,0.10961765865195106,-0.20250000000000012
2017,NH,249,1,0.004016064257028112,753.0,35.0,80.0,2.8,0.0,0.115360343304304,-0.19999999999999973
2017,NJ,1253,7,0.00558659217877095,754.0,39.0,80.0,4.5,0.09999999999999964,0.06837916063675831,-0.19999999999999973
2017,NM,215,2,0.009302325581395349,755.0,35.0,80.0,5.9,0.0,0.09959715436701799,-0.19999999999999973
2017,NV,660,2,0.0030303030303030303,746.0,37.0,79.0,4.9,0.0,0.19552899513058875,-0.19999999999999973
2017,NY,1623,9,0.005545286506469501,751.0,38.0,79.0,4.6,0.0,0.0978913681995528,-0.19999999999999973
2017,OH,1661,6,0.003612281757977122,753.0,35.0,80.0,4.9,0.0,0.12298287161976096,-0.19999999999999973
2017,OK,416,1,0.002403846153846154,752.0,33.0,80.0,4.0,0.0,0.0749571861414835,-0.19999999999999973
2017,OR,955,2,0.0020942408376963353,760.0,37.0,77.0,4.1,0.20000000000000018,0.1131530312101412,-0.19999999999999973
2017,PA,1385,6,0.004332129963898917,756.0,35.0,80.0,4.9,0.0,0.09815373021853802,-0.19999999999999973
2017,RI,156,1,0.00641025641025641,756.5,35.0,80.0,4.5,0.0,0.12509441087613293,-0.20250000000000012
2017,SC,751,5,0.006657789613848202,756.0,36.0,80.0,4.2,0.0,0.12577893666858175,-0.19999999999999973
2017,SD,90,0,0.0,761.0,35.0,80.0,3.0,0.0,0.10643387603541843,-0.20250000000000012
2017,TN,966,2,0.002070393374741201,756.0,35.0,80.0,3.5,0.0,0.14393179538615852,-0.19999999999999973
2017,TX,3792,50,0.013185654008438819,746.0,37.0,80.0,4.2,0.0,0.10307576894223547,-0.19999999999999973
2017,UT,895,6,0.0067039106145251395,752.0,36.0,80.0,3.1,0.0,0.18497662848864227,-0.19999999999999973
2017,VA,1180,5,0.00423728813559322,762.0,35.0,80.0,3.5,0.0,0.09355093884008503,-0.19999999999999973
2017,VT,128,2,0.015625,749.5,36.5,80.0,2.9,0.0,0.0962200891011804,-0.11724999999999985
2017,WA,1652,5,0.003026634382566586,754.0,37.0,79.0,4.6,0.10000000000000053,0.1639718588002963,-0.19999999999999973
2017,WI,958,7,0.007306889352818371,759.0,34.0,80.0,3.2,0.0,0.13128269512450297,-0.19999999999999973
2017,WV,135,0,0.0,748.0,34.5,80.0,5.2,0.20000000000000018,0.0610589449879555,-0.19999999999999973
2017,WY,88,1,0.011363636363636364,759.0,34.0,74.5,4.2,0.0,0.09024519096305039,-0.10150000000000015
2018,AK,79,0,0.0,760.0,36.5,80.0,6.0,5.699999999999999,0.07318997829946738,-1.4075000000000002
2018,AL,560,11,0.019642857142857142,750.0,34.0,80.0,3.9,9.9,0.13289770374119914,-1.3912499999999997
2018,AR,379,6,0.0158311345646438,751.0,32.5,80.0,3.7,6.3999999999999995,0.0968923105811661,-1.3535000000000004
2018,AZ,1719,33,0.019197207678883072,756.0,37.0,80.0,4.8,8.8,0.16428452992870168,-1.178
2018,CA,5000,137,0.0274,751.0,40.0,74.0,4.2,1.2999999999999998,0.08758428613309865,-1.1615000000000002
2018,CO,1583,39,0.024636765634870498,756.0,38.0,78.0,3.0,8.1,0.10638055795749324,-1.1615000000000002
2018,CT,459,21,0.0457516339869281,751.0,37.0,80.0,3.8,8.0,0.06162464985994398,-1.3535000000000004
2018,DC,86,5,0.05813953488372093,760.5,36.0,77.5,5.7,5.4,0.07638285822163482,-1.2412499999999997
2018,DE,178,3,0.016853932584269662,769.0,35.0,80.0,3.6,9.7,0.07901222397476348,-1.3535000000000004
2018,FL,3529,132,0.03740436384244829,750.0,39.0,80.0,3.5,10.5,0.13058349419214998,-1.3535000000000004
2018,GA,1681,48,0.028554431885782272,754.0,36.0,80.0,3.9,8.5,0.1324244529350469,-1.3535000000000004
2018,HI,129,3,0.023255813953488372,753.0,42.0,75.0,2.4,19.8,0.0998661420516771,-1.2640000000000002
2018,IA,406,7,0.017241379310344827,758.0,35.0,80.0,2.5,8.4,0.07775149928203384,-1.4075000000000002
2018,ID,398,7,0.017587939698492462,758.0,38.0,79.0,2.8,8.8,0.24196169656798694,-1.3649999999999998
2018,IL,2136,57,0.026685393258426966,756.0,37.0,80.0,4.4,13.700000000000001,0.04933101828209585,-1.3375000000000004
2018,IN,1308,24,0.01834862385321101,749.0,33.0,80.0,3.5,13.399999999999999,0.14258893280632412,-1.3535000000000004
2018,KS,457,13,0.028446389496717725,750.0,34.0,80.0,3.3,8.8,0.10382351695812342,-1.3649999999999998
2018,KY,675,10,0.014814814814814815,757.0,34.0,80.0,4.2,12.5,0.10704994797086376,-1.3535000000000004
2018,LA,527,19,0.036053130929791274,745.0,36.0,80.0,4.8,8.6,0.06637005441976762,-1.3535000000000004
2018,MA,981,17,0.017329255861365953,754.0,38.0,78.0,3.4,14.3,0.09049607972448159,-1.3535000000000004
2018,MD,879,31,0.03526734926052332,760.0,37.0,80.0,3.7,5.2,0.057277072688313835,-1.3535000000000004
2018,ME,203,6,0.029556650246305417,757.0,37.0,80.0,3.3,6.2,0.13509399810769684,-1.4009999999999994
2018,MI,2031,53,0.026095519448547513,748.0,36.0,80.0,4.2,18.5,0.11134608311879357,-1.3535000000000004
2018,MN,1165,28,0.0240343347639485,758.0,36.0,80.0,3.0,7.8999999999999995,0.10426540284360186,-1.38
2018,MO,964,15,0.015560165975103735,757.0,34.0,80.0,3.2,8.399999999999999,0.11917417087634519,-1.3535000000000004
2018,MS,192,7,0.036458333333333336,751.0,35.0,80.0,4.9,10.3,0.08368738266969689,-1.3975
2018,MT,176,4,0.022727272727272728,759.5,36.0,75.0,3.7,8.2,0.12335661462612979,-1.3535000000000004
2018,NC,1538,38,0.0247074122236671,760.0,35.0,80.0,4.0,10.2,0.12720283344851424,-1.3535000000000004
2018,ND,111,4,0.036036036036036036,754.0,34.0,80.0,2.3,6.299999999999999,0.04912602892467133,-1.3535000000000004
2018,NE,242,4,0.01652892561983471,754.5,35.0,80.0,2.9,5.1,0.11059348575007832,-1.3455000000000004
2018,NH,254,2,0.007874015748031496,757.0,37.0,80.0,2.6,13.4,0.12144681552278169,-1.3535000000000004
2018,NJ,1311,52,0.03966437833714721,755.0,38.0,80.0,3.9,11.3,0.07622543727056774,-1.3175
2018,NM,222,11,0.04954954954954955,749.0,36.0,80.0,4.9,4.200000000000001,0.13291514791896253,-1.4075000000000002
2018,NV,680,19,0.027941176470588237,744.5,38.0,78.0,4.3,26.1,0.11059652456161184,-1.2429999999999997
2018,NY,1563,73,0.04670505438259757,753.0,39.0,80.0,4.0,12.7,0.09468524251805999,-1.4075000000000002
2018,OH,1849,30,0.016224986479177934,753.0,35.0,80.0,4.5,12.0,0.134383447702225,-1.4075000000000002
2018,OK,484,12,0.024793388429752067,751.0,35.0,80.0,3.2,9.3,0.11046361046361053,-1.4075000000000002
2018,OR,900,19,0.021111111111111112,755.5,38.0,75.0,4.0,9.5,0.09861486404245468,-1.2609999999999997
2018,PA,1528,35,0.022905759162303665,755.0,36.0,80.0,4.3,11.8,0.10400519793938834,-1.4075000000000002
2018,RI,164,4,0.024390243902439025,746.0,37.0,80.0,3.9,13.899999999999999,0.0884438142502657,-1.3535000000000004
2018,SC,816,19,0.023284313725490197,756.0,35.0,80.0,3.3,8.399999999999999,0.12331924702266628,-1.3535000000000004
2018,SD,97,2,0.020618556701030927,763.0,37.0,80.0,2.7,6.000000000000001,0.09646358543417355,-1.3015000000000003
2018,TN,1020,16,0.01568627450980392,754.0,37.0,80.0,3.5,12.2,0.15020674300254444,-1.3535000000000004
2018,TX,4371,120,0.027453671928620454,748.0,38.0,80.0,3.8,8.9,0.09253141831238776,-1.3874999999999997
2018,UT,848,11,0.012971698113207548,754.0,38.0,80.0,2.9,0.0,0.15966685287694893,-1.1615000000000002
2018,VA,1205,15,0.012448132780082987,762.0,36.0,80.0,2.9,8.9,0.10081589789159073,-1.3535000000000004
2018,VT,113,0,0.0,752.0,38.0,80.0,2.4,11.6,0.10168621073354456,-1.3649999999999998
2018,WA,1532,32,0.020887728459530026,755.0,39.0,80.0,4.4,12.400000000000002,0.14440629470672395,-1.1619999999999997
2018,WI,958,16,0.016701461377870562,758.0,35.0,80.0,3.0,11.1,0.11538614728960073,-1.295
2018,WV,130,2,0.015384615384615385,744.5,34.0,80.0,5.0,10.700000000000001,0.0478103072828453,-1.3942499999999995
2018,WY,72,1,0.013888888888888888,760.5,35.0,80.0,4.1,0.8500000000000001,0.10934490980940503,-1.1615000000000002
2019,AK,98,2,0.02040816326530612,767.0,33.0,79.0,5.5,6.1,0.12821974014132653,-0.7437499999999999
2019,AL,531,14,0.026365348399246705,755.0,34.0,80.0,3.1,10.700000000000001,0.1922279325579297,-0.8274999999999997
2019,AR,361,11,0.030470914127423823,759.0,33.0,80.0,3.5,6.6,0.20550466954022983,-0.7864999999999998
2019,AZ,1893,71,0.03750660327522451,757.0,37.0,80.0,4.8,9.0,0.20826773949040867,-0.7734999999999994
2019,CA,5888,316,0.05366847826086957,757.0,39.0,74.0,4.1,12.000000000000002,0.14673395207679008,-0.7529999999999997
2019,CO,1646,50,0.030376670716889428,763.0,37.0,77.0,2.6,9.0,0.14464810651910764,-0.7600000000000002
2019,CT,444,33,0.07432432432432433,764.0,37.0,80.0,3.6,8.3,0.231843897933264,-0.7734999999999994
2019,DC,105,7,0.06666666666666667,764.0,36.0,77.0,5.5,5.800000000000001,0.10082463484306792,-0.7650000000000001
2019,DE,195,4,0.020512820512820513,767.0,35.0,80.0,3.6,9.8,0.21049108210204182,-0.7949999999999999
2019,FL,3266,222,0.0679730557256583,757.0,38.0,80.0,3.2,10.899999999999999,0.26153894890233476,-0.8274999999999997
2019,GA,1580,90,0.056962025316455694,757.0,36.0,80.0,3.6,8.9,0.22233325006245308,-0.79
2019,HI,132,10,0.07575757575757576,764.0,40.0,73.0,2.4,20.05,0.13453720750525278,-0.7842499999999997
2019,IA,387,8,0.020671834625323,759.0,33.0,80.0,2.7,8.3,0.13353356603620425,-0.746
2019,ID,409,19,0.04645476772616137,756.0,35.0,78.0,2.9,8.9,0.3529260450160774,-0.7979999999999996
2019,IL,2222,119,0.05355535553555356,757.0,37.0,80.0,3.7,14.5,0.13674956041195685,-0.7540000000000004
2019,IN,1202,32,0.026622296173044926,752.0,33.0,80.0,3.3,13.599999999999998,0.21543605198719162,-0.7734999999999994
2019,KS,383,11,0.028720626631853787,751.0,34.5,80.0,3.1,9.0,0.18301454961582464,-0.8274999999999997
2019,KY,672,29,0.043154761904761904,758.0,33.0,80.0,4.1,12.6,0.19321928120584786,-0.7722499999999997
2019,LA,418,30,0.07177033492822966,755.0,36.0,80.0,4.6,8.8,0.12515140719629492,-0.7864999999999998
2019,MA,1102,44,0.039927404718693285,757.0,37.0,76.0,3.0,14.8,0.18044963850648688,-0.7469999999999999
2019,MD,918,50,0.054466230936819175,764.0,36.0,80.0,3.4,5.6,0.1599240956072352,-0.79
2019,ME,222,7,0.03153153153153153,759.5,37.0,80.0,2.9,6.550000000000001,0.26135511917253784,-0.7734999999999994
2019,MI,1844,58,0.031453362255965296,750.0,35.0,80.0,4.1,18.6,0.2024848004229447,-0.7734999999999994
2019,MN,1158,50,0.04317789291882556,759.0,36.0,80.0,3.3,7.8,0.1683350631089091,-0.7734999999999994
2019,MO,1025,29,0.02829268292682927,759.0,34.0,80.0,3.2,8.3,0.20307951908879973,-0.7819999999999996
2019,MS,192,3,0.015625,748.0,32.5,80.0,5.5,10.1,0.16925294258947865,-0.8274999999999997
2019,MT,166,8,0.04819277108433735,751.0,36.0,77.0,3.5,8.4,0.2826353109217976,-0.78575
2019,NC,1545,52,0.03365695792880259,762.0,35.0,80.0,3.9,10.299999999999999,0.22243369605693242,-0.79
2019,ND,83,5,0.060240963855421686,757.0,35.0,80.0,2.1,6.6,0.10011930177068962,-0.7600000000000002
2019,NE,226,1,0.004424778761061947,766.5,33.0,80.0,3.1,5.1,0.19355074049755605,-0.7734999999999994
2019,NH,256,8,0.03125,749.0,38.0,80.0,2.5,13.5,0.2506523286154818,-0.7734999999999994
2019,NJ,1277,103,0.08065779169929523,757.0,38.0,80.0,3.4,11.8,0.20915588835942822,-0.7734999999999994
2019,NM,235,5,0.02127659574468085,756.0,36.0,80.0,5.0,4.300000000000001,0.22471594330910993,-0.8274999999999997
2019,NV,724,42,0.058011049723756904,748.0,38.0,78.0,4.1,26.4,0.16340208094197806,-0.7949999999999999
2019,NY,1437,113,0.07863604732080724,753.0,39.0,80.0,3.9,12.799999999999999,0.22308956450287587,-0.7734999999999994
2019,OH,1827,60,0.03284072249589491,755.0,35.0,80.0,4.1,12.3,0.23861263996963378,-0.7979999999999996
2019,OK,410,17,0.041463414634146344,756.0,35.0,80.0,3.1,9.4,0.204586125098839,-0.8274999999999997
2019,OR,937,43,0.04589114194236926,759.0,37.0,78.0,3.6,10.0,0.20886727153680673,-0.7819999999999996
2019,PA,1391,57,0.040977713874910136,759.0,35.0,80.0,4.3,11.8,0.21252747252747262,-0.7734999999999994
2019,RI,153,7,0.0457516339869281,753.0,37.0,76.0,3.5,14.399999999999999,0.218132818470697,-0.7240000000000002
2019,SC,776,27,0.03479381443298969,759.0,37.0,80.0,2.7,9.0,0.21505123071487464,-0.7974999999999999
2019,SD,129,1,0.007751937984496124,769.0,35.0,80.0,2.7,6.1000000000000005,0.20390988276900912,-0.7050000000000001
2019,TN,970,32,0.032989690721649485,757.0,35.0,80.0,3.4,12.299999999999999,0.23601899306602347,-0.78575
2019,TX,3818,215,0.05631220534311158,754.0,37.0,80.0,3.5,9.3,0.1889439496417329,-0.8274999999999997
2019,UT,1059,31,0.02927289896128423,758.0,37.0,80.0,2.5,7.5,0.20861255309108073,-0.7734999999999994
2019,VA,1353,43,0.031781226903178125,766.0,36.0,80.0,2.7,9.2,0.18918283362727806,-0.7734999999999994
2019,VT,105,9,0.08571428571428572,761.0,39.0,79.0,2.1,12.0,0.2236474264101298,-0.8274999999999997
2019,WA,1556,57,0.036632390745501286,758.0,37.0,75.5,4.0,13.100000000000001,0.19835696662419,-0.7709999999999999
2019,WI,969,23,0.023735810113519093,762.0,35.0,80.0,3.2,10.899999999999999,0.1925784238714614,-0.7600000000000002
2019,WV,103,3,0.02912621359223301,755.0,32.0,80.0,4.9,10.8,0.15201678712986721,-0.7734999999999994
2019,WY,85,2,0.023529411764705882,751.0,36.0,80.0,3.8,4.8999999999999995,0.17296577515865819,-0.7370000000000001
2020,AK,91,3,0.03296703296703297,772.0,33.0,78.0,7.8,0.0,0.20755140186915888,2.3595
2020,AL,521,1,0.0019193857965451055,768.0,32.0,79.0,5.9,0.0,0.3191982145113066,2.2875
2020,AR,307,3,0.009771986970684038,768.0,32.0,80.0,5.9,0.0,0.3360465625136757,2.3595
2020,AZ,1848,31,0.016774891774891776,765.0,34.0,73.0,7.5,0.0,0.33889441595877656,2.2875
2020,CA,7785,125,0.01605651894669236,771.0,36.0,64.0,9.9,0.0,0.20809355285428532,2.2875
2020,CO,1669,23,0.01378070701018574,773.0,34.0,70.0,6.3,0.10000000000000053,0.2365171085429414,2.2875
2020,CT,481,8,0.016632016632016633,768.0,34.0,77.0,7.9,0.0,0.2467055030824048,2.3964999999999996
2020,DC,154,6,0.03896103896103896,773.0,32.0,73.5,8.5,0.0,0.09037813946962281,2.3595
2020,DE,173,1,0.005780346820809248,773.0,33.0,74.0,5.9,0.3000000000000007,0.25640571757312935,2.2875
2020,FL,2657,66,0.024840045163718478,762.0,36.0,75.0,6.9,0.0,0.41957809645091615,2.3595
2020,GA,1427,21,0.014716187806587245,763.0,34.0,75.0,6.5,0.0,0.339457350594077,2.2875
2020,HI,112,0,0.0,780.5,35.0,65.0,13.0,0.0,0.3269776876267749,2.3964999999999996
2020,IA,441,2,0.0045351473922902496,770.0,31.0,76.0,4.6,0.0,0.22316705200047027,2.3595
2020,ID,346,2,0.005780346820809248,755.0,35.0,75.0,5.0,0.0,0.4416108986615679,2.2875
2020,IL,2119,35,0.01651722510618216,772.0,33.0,75.0,9.1,0.0,0.19858188264169807,2.3595
2020,IN,1126,17,0.015097690941385435,759.0,31.0,77.0,6.5,0.0,0.2547029486394261,2.3595
2020,KS,407,6,0.014742014742014743,758.5,33.0,80.0,5.4,0.0,0.25537141600058644,2.3595
2020,KY,594,5,0.008417508417508417,768.0,31.5,75.0,5.0,0.0,0.2641224258454564,2.2875
2020,LA,419,6,0.014319809069212411,764.0,33.0,78.0,8.7,0.0,0.187567897881586,2.3595
2020,MA,1374,17,0.012372634643377001,768.0,34.0,70.0,9.6,0.0,0.2073524085476277,2.3595
2020,MD,1115,11,0.009865470852017937,770.0,34.0,77.0,7.1,0.0,0.17612208258527828,2.3595
2020,ME,196,3,0.015306122448979591,770.0,32.0,75.0,4.2,0.8999999999999995,0.39793980128579776,2.3595
2020,MI,1720,18,0.010465116279069767,765.0,33.0,75.0,8.9,0.0,0.24691211401425184,2.2875
2020,MN,1090,23,0.02110091743119266,769.0,32.0,75.0,6.2,0.0,0.21949979343439163,2.3925
2020,MO,1013,16,0.01579466929911155,769.0,33.0,77.0,5.9,0.0,0.2502179282289698,2.3595
2020,MS,159,6,0.03773584905660377,762.0,30.0,79.0,7.1,0.0,0.2444289389908858,1.9974999999999996
2020,MT,146,1,0.00684931506849315,768.0,35.5,75.0,5.6,0.0,0.40828264956319815,2.3595
2020,NC,1355,16,0.011808118081180811,768.0,32.0,77.0,6.8,0.0,0.3668142214727377,2.2875
2020,ND,106,0,0.0,772.5,31.0,79.0,5.3,0.0,0.1909599574880434,2.32725
2020,NE,242,1,0.004132231404958678,765.5,33.0,76.0,3.4,0.0,0.2408056328803012,2.3964999999999996
2020,NH,285,0,0.0,766.0,34.0,73.0,6.1,0.0,0.2935033274033074,2.3595
2020,NJ,1412,35,0.024787535410764873,766.0,35.0,75.0,7.4,0.10000000000000053,0.24786794041213733,2.3964999999999996
2020,NM,196,2,0.01020408163265306,769.0,34.0,75.0,8.6,0.0,0.2631321768873687,2.3595
2020,NV,584,13,0.02226027397260274,760.0,35.0,75.0,11.899999999999999,0.0,0.2723429321970672,2.2875
2020,NY,1301,34,0.026133743274404306,762.0,37.0,75.0,9.2,0.0,0.28385653624507134,2.3964999999999996
2020,OH,1783,21,0.011777902411665733,765.0,32.0,78.0,7.6,0.0,0.26899889988998904,2.3595
2020,OK,317,2,0.006309148264984227,762.0,33.0,80.0,5.9,0.0,0.2780788859437433,2.3595
2020,OR,930,18,0.01935483870967742,772.0,34.5,71.5,7.5,0.0,0.2304897114125155,2.2875
2020,PA,1271,13,0.010228166797797011,767.0,32.0,78.0,8.1,0.0,0.23819466752328955,2.3964999999999996
2020,RI,169,7,0.04142011834319527,761.0,32.0,72.0,7.0,0.0,0.25927350277942884,2.3964999999999996
2020,SC,698,5,0.0071633237822349575,765.0,33.5,77.0,5.8,0.0,0.35412446245157625,2.3362499999999997
2020,SD,135,1,0.007407407407407408,774.0,31.0,72.0,3.6,0.0,0.28752568241855014,2.3595
2020,TN,904,9,0.00995575221238938,764.0,33.0,75.0,7.1,0.0,0.3642069712610718,2.2875
2020,TX,3177,86,0.027069562480327353,764.0,35.0,78.0,7.7,0.0,0.30190879518811764,2.2875
2020,UT,1092,14,0.01282051282051282,768.0,34.0,72.0,4.5,0.0,0.3115519025399738,2.2875
2020,VA,1573,25,0.01589319771137953,773.0,33.0,75.0,6.7,0.0,0.23051364638074245,2.3595
2020,VT,87,1,0.011494252873563218,764.0,34.0,75.0,4.9,0.0,0.318784616584757,2.3595
2020,WA,1689,24,0.014209591474245116,767.0,34.0,70.0,8.2,0.0,0.23398719428041348,2.2875
2020,WI,907,5,0.005512679162072767,771.0,33.0,75.0,5.8,0.0,0.24461614335032067,2.3595
2020,WV,99,2,0.020202020202020204,775.0,32.0,80.0,7.6,0.0,0.23120467008667944,2.2875
2020,WY,63,1,0.015873015873015872,768.0,31.0,75.0,5.4,0.0,0.2581213731764198,2.3595
2021,AK,79,0,0.0,766.0,33.0,80.0,6.5,0.0,0.12507266033714393,3.7170000000000005
2021,AL,557,2,0.003590664272890485,758.0,33.0,77.0,3.2,0.0,0.19177420467876605,3.7170000000000005
2021,AR,314,3,0.009554140127388535,758.5,33.0,80.0,3.7,0.0,0.20226560273582206,3.7170000000000005
2021,AZ,1861,16,0.008597528210639442,756.0,35.0,69.0,4.6,0.0,0.15051154941461853,3.7170000000000005
2021,CA,6419,65,0.010126187879732046,763.0,37.0,63.0,7.4,0.0,0.09190594922115869,3.7170000000000005
2021,CO,1382,8,0.005788712011577424,764.0,35.0,70.0,5.7,0.0,0.10540132572028615,3.7170000000000005
2021,CT,589,6,0.010186757215619695,753.0,35.0,75.0,6.3,0.0,0.21212121212121215,3.7390000000000003
2021,DC,88,1,0.011363636363636364,764.5,33.5,74.5,7.0,0.0,-0.021970382824624823,3.4619999999999997
2021,DE,239,4,0.016736401673640166,769.0,32.0,75.0,5.4,0.0,0.18112960898150643,3.7390000000000003
2021,FL,3402,33,0.009700176366843033,756.0,37.0,75.0,4.5,0.0,0.2653629976580796,3.7170000000000005
2021,GA,1583,21,0.013265950726468731,757.0,34.0,74.0,3.6,0.0,0.2312042273106516,3.7170000000000005
2021,HI,130,0,0.0,760.0,39.0,72.0,5.4,0.0,0.12615762036185219,3.7170000000000005
2021,IA,402,2,0.004975124378109453,760.5,32.0,75.0,3.9,0.0,0.16170399945861802,3.7170000000000005
2021,ID,376,2,0.005319148936170213,751.0,36.0,66.0,3.5,0.0,0.07991843597402815,3.7170000000000005
2021,IL,1988,17,0.008551307847082495,765.0,34.0,76.0,5.9,0.0,0.16791510611735316,3.7170000000000005
2021,IN,1109,16,0.014427412082957619,755.0,32.0,75.0,3.7,0.0,0.18637527498287,3.7170000000000005
2021,KS,345,0,0.0,757.0,34.0,76.0,3.4,0.0,0.1784317496954544,3.7390000000000003
2021,KY,653,4,0.006125574272588055,763.0,32.0,74.0,4.5,0.0,0.16986667535938982,3.7170000000000005
2021,LA,454,4,0.00881057268722467,756.0,33.0,77.0,5.6,0.0,0.09041752434790618,3.7170000000000005
2021,MA,1282,14,0.0109204368174727,757.0,34.0,68.0,5.3,0.0,0.15259775329444802,3.7170000000000005
2021,MD,1143,8,0.00699912510936133,759.0,34.0,75.0,5.3,0.0,0.14320025061784247,3.7170000000000005
2021,ME,186,0,0.0,763.5,34.0,70.0,4.7,0.0,0.2695472669173995,3.7390000000000003
2021,MI,1661,17,0.010234798314268514,753.0,34.0,74.0,5.7,0.0,0.1731221257026061,3.7170000000000005
2021,MN,1070,8,0.007476635514018692,763.0,33.0,74.0,3.5,0.0,0.11532231035638474,3.7390000000000003
2021,MO,971,8,0.008238928939237899,758.0,33.0,75.0,3.9,0.0,0.18766913370936722,3.7170000000000005
2021,MS,178,1,0.0056179775280898875,750.5,31.0,76.5,5.1,0.0,0.18986578193334336,3.7390000000000003
2021,MT,173,0,0.0,768.0,36.0,69.0,3.4,0.0,0.18056794918901908,3.6439999999999997
2021,NC,1582,11,0.00695322376738306,760.0,33.0,75.0,4.7,0.0,0.24858311865434168,3.7170000000000005
2021,ND,98,1,0.01020408163265306,762.0,34.0,80.0,3.0,0.0,0.11510810738038191,3.4695
2021,NE,229,3,0.013100436681222707,760.0,34.0,75.0,2.7,0.0,0.1772689720287972,3.7170000000000005
2021,NH,276,2,0.007246376811594203,760.0,36.0,70.0,3.3,0.0,0.2180650364353811,3.7170000000000005
2021,NJ,1446,15,0.01037344398340249,757.0,36.0,72.0,6.9,0.0,0.22026741731175248,3.7170000000000005
2021,NM,224,1,0.004464285714285714,749.5,33.0,75.0,6.8,0.0,0.1947734536567025,3.7170000000000005
2021,NV,595,5,0.008403361344537815,758.0,36.0,70.0,6.2,0.0,0.09702992407324706,3.7170000000000005
2021,NY,1535,14,0.009120521172638436,758.0,37.0,75.0,6.8,0.0,0.18501847497480672,3.7390000000000003
2021,OH,1839,13,0.0070690592713431215,758.0,32.0,75.0,5.0,0.0,0.1890442443976248,3.7170000000000005
2021,OK,340,2,0.0058823529411764705,762.0,32.0,80.0,3.7,0.0,0.17756916996047423,3.7170000000000005
2021,OR,885,6,0.006779661016949152,767.0,35.0,70.0,5.0,0.0,0.08359012503099228,3.7170000000000005
2021,PA,1671,14,0.008378216636744464,760.0,33.0,75.0,5.6,0.0,0.1652036516853932,3.7170000000000005
2021,RI,172,2,0.011627906976744186,747.5,36.0,70.0,5.9,0.0,0.1996491228070174,3.4625
2021,SC,800,8,0.01,758.5,34.0,75.0,3.8,0.0,0.25465934815641744,3.7170000000000005
2021,SD,91,2,0.02197802197802198,760.0,35.0,72.0,2.5,0.0,0.18868507831821923,3.7170000000000005
2021,TN,972,8,0.00823045267489712,755.5,34.0,71.0,4.2,0.0,0.21136815717049506,3.7170000000000005
2021,TX,3552,33,0.009290540540540541,758.0,35.0,75.0,5.3,0.0,0.1649498363646118,3.7170000000000005
2021,UT,882,12,0.013605442176870748,757.0,35.0,70.0,2.7,0.0,0.09798845492113006,3.7170000000000005
2021,VA,1477,13,0.008801624915368992,766.0,34.0,75.0,3.8,0.0,0.1788140542866805,3.7170000000000005
2021,VT,85,0,0.0,763.0,34.0,75.0,3.2,0.0,0.2545692783228062,3.7390000000000003
2021,WA,1476,12,0.008130081300813009,763.0,36.0,68.0,5.1,0.0,0.09988163345827572,3.7170000000000005
2021,WI,798,5,0.006265664160401002,766.0,34.0,75.0,3.8,0.0,0.20589812332439683,3.7170000000000005
2021,WV,138,3,0.021739130434782608,761.0,30.0,77.0,4.8,0.0,0.16178911151588737,3.7280000000000006
2021,WY,77,0,0.0,773.0,34.0,75.0,4.3,0.0,0.16555573494476095,3.7390000000000003
2022,AK,81,2,0.024691358024691357,763.0,34.0,80.0,4.2,0.2999999999999998,0.09899442658724311,1.4350000000000005
2022,AL,687,9,0.013100436681222707,747.0,37.0,80.0,2.6,0.3999999999999999,0.0910985592170841,1.3955000000000002
2022,AR,407,6,0.014742014742014743,754.0,36.0,80.0,3.2,0.2999999999999998,0.11085148144686419,1.3955000000000002
2022,AZ,1607,27,0.016801493466085875,752.0,39.0,74.0,3.7,0.09999999999999964,0.04984150661942954,1.3955000000000002
2022,CA,3997,78,0.019514635976982737,753.5,41.0,71.0,4.3,1.0,0.02855794780103804,1.4075000000000006
2022,CO,1184,17,0.014358108108108109,761.0,40.0,75.0,3.0,1.2999999999999998,0.03811631997088982,1.3400000000000003
2022,CT,548,8,0.014598540145985401,746.5,39.0,80.0,3.7,0.0,0.1912664831779156,1.2774999999999999
2022,DC,92,0,0.0,769.5,36.0,80.0,4.5,0.8999999999999995,-0.023670674317161966,1.4350000000000005
2022,DE,211,3,0.014218009478672985,757.0,37.0,80.0,4.1,0.0,0.12400054670949201,1.2774999999999999
2022,FL,4318,102,0.023622047244094488,749.5,40.0,75.0,2.9,0.5,0.07894427001569859,1.3955000000000002
2022,GA,1880,43,0.022872340425531913,744.0,38.0,79.0,3.1,0.2999999999999998,0.1094104762667949,1.3955000000000002
2022,HI,95,4,0.042105263157894736,752.0,41.0,75.0,3.3,0.0,0.08396097940579739,1.3955000000000002
2022,IA,364,6,0.016483516483516484,752.5,35.5,80.0,3.0,0.3999999999999999,0.10144438651905929,1.2774999999999999
2022,ID,368,7,0.019021739130434784,747.0,39.0,70.0,2.8,0.7000000000000002,0.01910965261203912,1.3955000000000002
2022,IL,2036,31,0.015225933202357564,752.0,38.0,80.0,4.5,0.5999999999999996,0.14916577376396756,1.2774999999999999
2022,IN,1295,22,0.01698841698841699,744.0,37.0,80.0,3.1,1.0,0.13024033975740812,1.2774999999999999
2022,KS,401,9,0.022443890274314215,755.0,37.0,80.0,2.9,0.7999999999999998,0.1332982855807705,1.2774999999999999
2022,KY,612,7,0.011437908496732025,746.0,36.0,80.0,4.1,0.8000000000000007,0.12800977085029652,1.2774999999999999
2022,LA,517,6,0.01160541586073501,752.0,38.0,80.0,3.6,0.6999999999999997,0.023219058018908445,1.3955000000000002
2022,MA,833,16,0.01920768307322929,750.0,40.0,75.0,3.6,0.3999999999999999,0.13389792287840452,1.2774999999999999
2022,MD,960,17,0.017708333333333333,749.0,38.0,80.0,3.0,0.2999999999999998,0.10502817378452445,1.3955000000000002
2022,ME,234,2,0.008547008547008548,749.0,38.0,76.0,2.7,0.3999999999999999,0.14701548421383182,1.2977499999999997
2022,MI,1697,34,0.020035356511490868,743.0,37.0,80.0,4.1,1.0,0.1416472778036295,1.2774999999999999
2022,MN,1083,16,0.014773776546629732,755.0,38.0,80.0,2.4,0.7000000000000002,0.08054933027570743,1.2774999999999999
2022,MO,1021,24,0.023506366307541625,748.0,37.0,80.0,2.6,1.0999999999999996,0.12803230585979497,1.3955000000000002
2022,MS,209,7,0.03349282296650718,743.0,37.0,80.0,3.7,0.0,0.08438412766260606,1.3955000000000002
2022,MT,188,2,0.010638297872340425,757.5,38.0,75.0,2.7,0.3999999999999999,0.1070715779725695,1.3955000000000002
2022,NC,1776,21,0.011824324324324325,754.0,37.0,78.0,3.7,0.09999999999999964,0.11163988141675762,1.2774999999999999
2022,ND,98,4,0.04081632653061224,759.0,37.5,80.0,2.1,0.3999999999999999,0.07676595304581646,1.2774999999999999
2022,NE,254,4,0.015748031496062992,755.0,37.0,80.0,2.2,0.5999999999999996,0.12180637668918903,1.2774999999999999
2022,NH,228,5,0.021929824561403508,747.5,39.0,77.0,2.4,0.2500000000000002,0.1584348781462246,1.2774999999999999
2022,NJ,1218,19,0.015599343185550082,749.0,41.0,80.0,3.7,1.0,0.1804926803456992,1.2774999999999999
2022,NM,248,4,0.016129032258064516,750.0,37.0,75.0,3.6,0.6999999999999997,0.10354337288985449,1.2774999999999999
2022,NV,591,11,0.018612521150592216,748.0,40.0,75.0,5.2,0.20000000000000018,0.038594969644405897,1.3955000000000002
2022,NY,1739,28,0.016101207590569294,754.0,40.0,80.0,4.0,0.20000000000000018,0.152024333343177,1.2774999999999999
2022,OH,1920,30,0.015625,746.0,37.0,80.0,3.9,0.40000000000000036,0.15174422636798668,1.2774999999999999
2022,OK,509,8,0.015717092337917484,752.0,37.0,80.0,3.0,0.3999999999999999,0.09468897672898025,1.2774999999999999
2022,OR,761,25,0.0328515111695138,753.0,40.0,79.0,3.9,0.3000000000000007,0.01942885440739528,1.3955000000000002
2022,PA,1865,32,0.017158176943699734,754.0,37.0,80.0,4.1,0.0,0.13116180166247826,1.2774999999999999
2022,RI,121,3,0.024793388429752067,736.0,38.0,70.0,3.2,1.0999999999999996,0.151715905699791,1.3955000000000002
2022,SC,1014,10,0.009861932938856016,755.0,38.0,80.0,3.2,1.2000000000000002,0.13845409068904324,1.2774999999999999
2022,SD,112,1,0.008928571428571428,755.0,36.0,80.0,1.9,0.10000000000000009,0.09225711526966762,1.2774999999999999
2022,TN,1245,15,0.012048192771084338,745.0,38.0,76.0,3.3,0.10000000000000009,0.09178597286124668,1.3599999999999994
2022,TX,4763,102,0.02141507453285744,749.0,39.0,79.0,3.9,0.20000000000000018,0.04060626091883468,1.2774999999999999
2022,UT,763,14,0.01834862385321101,759.0,40.0,75.0,2.4,0.8999999999999999,0.035276365713950986,1.3955000000000002
2022,VA,1375,14,0.010181818181818183,754.0,38.0,80.0,2.6,0.2999999999999998,0.12654433394032782,1.3955000000000002
2022,VT,83,0,0.0,765.0,38.0,78.0,2.3,0.10000000000000009,0.19024017219893508,0.6855000000000002
2022,WA,1171,18,0.015371477369769428,755.0,40.0,75.0,4.0,0.5999999999999996,0.03913647266759246,1.3955000000000002
2022,WI,740,8,0.010810810810810811,754.0,37.0,80.0,2.8,0.20000000000000018,0.1599914040884305,1.2774999999999999
2022,WV,153,1,0.006535947712418301,731.0,35.0,80.0,3.9,0.30000000000000027,0.1261302146971548,1.3475000000000001
2022,WY,76,0,0.0,764.0,40.0,80.0,3.4,0.0,0.092065775950668,1.3955000000000002
